{
  "animation_count": 0,
  "armature_count": 0,
  "edge_count": 2746,
  "file_identifier": "https://sketchfab.com/3d-models/18b0a20ba2aa430e8841b78070d0f56f",
  "file_size": 2471908,
  "lamp_count": 1,
  "linked_files": [],
  "material_count": 2,
  "mesh_count": 2,
  "metadata": {},
  "missing_textures": {
    "count": 0,
    "file_path_to_color": {},
    "files": []
  },
  "object_count": 9,
  "poly_count": 1212,
  "random_color": null,
  "save_uid": "9791bef9-37a2-57f2-a3bc-aeb99616d954",
  "scene_size": {
    "bbox_max": [
      0.495656281709671,
      0.49565649032592773,
      0.5742286443710327
    ],
    "bbox_min": [
      -0.4956563115119934,
      -0.4956565797328949,
      -0.5742451548576355
    ]
  },
  "sha256": "aa4360ecab9fd1ddb7fd2b897a00fd0d01b8daa9e2284e35b62dc6926bcc4128",
  "shape_key_count": 0,
  "vert_count": 1856
}